{
    "kango_version": "1.3.1 ba4b80d08b67", 
    "content_scripts": [], 
    "description": "\u041f\u043e\u0437\u0432\u043e\u043b\u044f\u0435\u0442 \u0434\u043e\u0431\u0430\u0432\u0438\u0442\u044c \u0441\u043e\u0431\u0441\u0442\u0432\u0435\u043d\u043d\u044b\u0435 \u043d\u0430\u0431\u043e\u0440\u044b \u0438\u0437\u043e\u0431\u0440\u0430\u0436\u0435\u043d\u0438\u0439 \u0432 \u043a\u0430\u0447\u0435\u0441\u0442\u0432\u0435 \u0434\u043e\u043f\u043e\u043b\u043d\u0435\u043d\u0438\u044f \u043a \u0441\u0442\u0430\u043d\u0434\u0430\u0440\u0442\u043d\u044b\u043c \u0441\u0442\u0438\u043a\u0435\u0440\u0430\u043c \u0412\u041a\u043e\u043d\u0442\u0430\u043a\u0442\u0435.", 
    "creator": "Kango", 
    "web_accessible_resources": [
        "js/inject.js"
    ], 
    "kango_package_id": "dev", 
    "background_scripts": [
        "js/common.js", 
        "js/md5.js", 
        "js/background.js"
    ], 
    "externally_connectable": {
        "matches": [
            "*://*.vk.com/*"
        ]
    }, 
    "homepage_url": "http://vk.com/custom.stickers", 
    "version": "0.9.0", 
    "options_page": "options.html", 
    "content_security_policy": "script-src 'self' https://login.vk.com https://vk.com; object-src 'self'", 
    "browser_button": {
        "caption": "Kango", 
        "tooltipText": "Kango", 
        "icon": "icons/button.png"
    }, 
    "id": "ebiloidgkokepeciolbakcnbikggbjjm", 
    "name": "Custom Stickers"
}